<environments>
    <environment default="true" name="Production">
        <Server name="Server">
            <context>jmul</context>
            <admin_username>admin</admin_username>
            <deploy_dir>D:\Softwares\apache-tomcat-7.0.26\webapps</deploy_dir>
            <additional_context/>
            <port>7070</port>
            <admin_password>admin</admin_password>
            <version>7.0.x</version>
            <certificate/>
            <type>Apache Tomcat</type>
            <remoteDeployment>false</remoteDeployment>
            <host>localhost</host>
            <protocol>http</protocol>
        </Server>
    </environment>
</environments>
